image_id,file_name
776,000000000776.jpg
1584,000000001584.jpg
2261,000000002261.jpg
5529,000000005529.jpg
6040,000000006040.jpg
9448,000000009448.jpg
12576,000000012576.jpg
16228,000000016228.jpg
17379,000000017379.jpg
21167,000000021167.jpg
22705,000000022705.jpg
25228,000000025228.jpg
26941,000000026941.jpg
27696,000000027696.jpg
27932,000000027932.jpg
34873,000000034873.jpg
39477,000000039477.jpg
42102,000000042102.jpg
43581,000000043581.jpg
46872,000000046872.jpg
47571,000000047571.jpg
50828,000000050828.jpg
52007,000000052007.jpg
52591,000000052591.jpg
53505,000000053505.jpg
54123,000000054123.jpg
54628,000000054628.jpg
54654,000000054654.jpg
54967,000000054967.jpg
57027,000000057027.jpg
57232,000000057232.jpg
60090,000000060090.jpg
60449,000000060449.jpg
61960,000000061960.jpg
63602,000000063602.jpg
64359,000000064359.jpg
64718,000000064718.jpg
65350,000000065350.jpg
65736,000000065736.jpg
66841,000000066841.jpg
66886,000000066886.jpg
67213,000000067213.jpg
71938,000000071938.jpg
76547,000000076547.jpg
78266,000000078266.jpg
78426,000000078426.jpg
79588,000000079588.jpg
82821,000000082821.jpg
84362,000000084362.jpg
88040,000000088040.jpg
89296,000000089296.jpg
89761,000000089761.jpg
90062,000000090062.jpg
90631,000000090631.jpg
93261,000000093261.jpg
93437,000000093437.jpg
94751,000000094751.jpg
95069,000000095069.jpg
97994,000000097994.jpg
99024,000000099024.jpg
99053,000000099053.jpg
104119,000000104119.jpg
106389,000000106389.jpg
106881,000000106881.jpg
108864,000000108864.jpg
109055,000000109055.jpg
109441,000000109441.jpg
111609,000000111609.jpg
117914,000000117914.jpg
119233,000000119233.jpg
122962,000000122962.jpg
124277,000000124277.jpg
126110,000000126110.jpg
129135,000000129135.jpg
134322,000000134322.jpg
135673,000000135673.jpg
136334,000000136334.jpg
138979,000000138979.jpg
148999,000000148999.jpg
151480,000000151480.jpg
151820,000000151820.jpg
153510,000000153510.jpg
153782,000000153782.jpg
154718,000000154718.jpg
155145,000000155145.jpg
156643,000000156643.jpg
157418,000000157418.jpg
157928,000000157928.jpg
159399,000000159399.jpg
159977,000000159977.jpg
161128,000000161128.jpg
164883,000000164883.jpg
171050,000000171050.jpg
175364,000000175364.jpg
177383,000000177383.jpg
180751,000000180751.jpg
180878,000000180878.jpg
181303,000000181303.jpg
182021,000000182021.jpg
182611,000000182611.jpg
187362,000000187362.jpg
187513,000000187513.jpg
189698,000000189698.jpg
192047,000000192047.jpg
197388,000000197388.jpg
199236,000000199236.jpg
199977,000000199977.jpg
200961,000000200961.jpg
202001,000000202001.jpg
203095,000000203095.jpg
203639,000000203639.jpg
206218,000000206218.jpg
207306,000000207306.jpg
208208,000000208208.jpg
208901,000000208901.jpg
209747,000000209747.jpg
209753,000000209753.jpg
212072,000000212072.jpg
213224,000000213224.jpg
216277,000000216277.jpg
217285,000000217285.jpg
217400,000000217400.jpg
218362,000000218362.jpg
221693,000000221693.jpg
221754,000000221754.jpg
223747,000000223747.jpg
224664,000000224664.jpg
226154,000000226154.jpg
227399,000000227399.jpg
228942,000000228942.jpg
230166,000000230166.jpg
231580,000000231580.jpg
231747,000000231747.jpg
232646,000000232646.jpg
233033,000000233033.jpg
234526,000000234526.jpg
235057,000000235057.jpg
236308,000000236308.jpg
237316,000000237316.jpg
248111,000000248111.jpg
249643,000000249643.jpg
250282,000000250282.jpg
251572,000000251572.jpg
252219,000000252219.jpg
252332,000000252332.jpg
252507,000000252507.jpg
254016,000000254016.jpg
254516,000000254516.jpg
255664,000000255664.jpg
257370,000000257370.jpg
262587,000000262587.jpg
265518,000000265518.jpg
265777,000000265777.jpg
265816,000000265816.jpg
266400,000000266400.jpg
273232,000000273232.jpg
277020,000000277020.jpg
281687,000000281687.jpg
281759,000000281759.jpg
284762,000000284762.jpg
286660,000000286660.jpg
293245,000000293245.jpg
297084,000000297084.jpg
298738,000000298738.jpg
299553,000000299553.jpg
300039,000000300039.jpg
300913,000000300913.jpg
301867,000000301867.jpg
309484,000000309484.jpg
309495,000000309495.jpg
314914,000000314914.jpg
322829,000000322829.jpg
323571,000000323571.jpg
324818,000000324818.jpg
325527,000000325527.jpg
325838,000000325838.jpg
329080,000000329080.jpg
340175,000000340175.jpg
341196,000000341196.jpg
344100,000000344100.jpg
346905,000000346905.jpg
347174,000000347174.jpg
347693,000000347693.jpg
349678,000000349678.jpg
355240,000000355240.jpg
357459,000000357459.jpg
357742,000000357742.jpg
361586,000000361586.jpg
362434,000000362434.jpg
363072,000000363072.jpg
363666,000000363666.jpg
363784,000000363784.jpg
365098,000000365098.jpg
368038,000000368038.jpg
372349,000000372349.jpg
377497,000000377497.jpg
380203,000000380203.jpg
380913,000000380913.jpg
383337,000000383337.jpg
383339,000000383339.jpg
384468,000000384468.jpg
384850,000000384850.jpg
388846,000000388846.jpg
389315,000000389315.jpg
393569,000000393569.jpg
402118,000000402118.jpg
402346,000000402346.jpg
404484,000000404484.jpg
404568,000000404568.jpg
404922,000000404922.jpg
405205,000000405205.jpg
405249,000000405249.jpg
405432,000000405432.jpg
410487,000000410487.jpg
412894,000000412894.jpg
416330,000000416330.jpg
419312,000000419312.jpg
425221,000000425221.jpg
430056,000000430056.jpg
430871,000000430871.jpg
433204,000000433204.jpg
435081,000000435081.jpg
435206,000000435206.jpg
437239,000000437239.jpg
440508,000000440508.jpg
441468,000000441468.jpg
444275,000000444275.jpg
445365,000000445365.jpg
449190,000000449190.jpg
449996,000000449996.jpg
453722,000000453722.jpg
453860,000000453860.jpg
455872,000000455872.jpg
457078,000000457078.jpg
460683,000000460683.jpg
463918,000000463918.jpg
464144,000000464144.jpg
464476,000000464476.jpg
464872,000000464872.jpg
466339,000000466339.jpg
471869,000000471869.jpg
476415,000000476415.jpg
477805,000000477805.jpg
480021,000000480021.jpg
482477,000000482477.jpg
484893,000000484893.jpg
485027,000000485027.jpg
486438,000000486438.jpg
491470,000000491470.jpg
493905,000000493905.jpg
500423,000000500423.jpg
505789,000000505789.jpg
507042,000000507042.jpg
508101,000000508101.jpg
508639,000000508639.jpg
509735,000000509735.jpg
511999,000000511999.jpg
513524,000000513524.jpg
513567,000000513567.jpg
514586,000000514586.jpg
516318,000000516318.jpg
516677,000000516677.jpg
516708,000000516708.jpg
518326,000000518326.jpg
520264,000000520264.jpg
522156,000000522156.jpg
522713,000000522713.jpg
527528,000000527528.jpg
527960,000000527960.jpg
529939,000000529939.jpg
530624,000000530624.jpg
531036,000000531036.jpg
532855,000000532855.jpg
534270,000000534270.jpg
539143,000000539143.jpg
539445,000000539445.jpg
544565,000000544565.jpg
546556,000000546556.jpg
546626,000000546626.jpg
548506,000000548506.jpg
549930,000000549930.jpg
554735,000000554735.jpg
555972,000000555972.jpg
558114,000000558114.jpg
558421,000000558421.jpg
562443,000000562443.jpg
562448,000000562448.jpg
562843,000000562843.jpg
563349,000000563349.jpg
566282,000000566282.jpg
566436,000000566436.jpg
567640,000000567640.jpg
568584,000000568584.jpg
571943,000000571943.jpg
572462,000000572462.jpg
573008,000000573008.jpg
573626,000000573626.jpg
576654,000000576654.jpg
579321,000000579321.jpg
581100,000000581100.jpg
